Gremio,Nombre,Dirección,Teléfono,Email,Web,Rating,Opiniones,Lat,Lon,Fuente
Fontaneros,Instalaciones Las Palmas,"C. de las Palmas, 66, 28938 Móstoles, Madrid",607 71 70 32,,,4.8,37.0,40.317759099999996,-3.8678249,Google
Fontaneros,Fontaneros urgentes 24 hs Madrid | Fontanería Reformas Rubio S.L.,"C. Puerto Guadarrama, 41, nave 20, 28935 Móstoles, Madrid",687 64 12 86,reformasrubiomadrid@gmail.com,https://www.reformasrubio.es/fontaneros-urgentes-en-madrid,4.1,57.0,40.351962,-3.8724490000000005,Google
Fontaneros,Fontanero Móstoles,"Calle Coronel de Palma, 1, 28934 Móstoles, Madrid",919 93 21 57,,https://sites.google.com/view/fontanero-mstoles/inicio,5.0,3.0,40.3189582,-3.8718514,Google
Fontaneros,Instalaciones Y Proyectos Renagas SL,"C. de Simón Hernández, 25, 28937 Móstoles, Madrid",916 64 66 59,,,4.4,9.0,40.3215357,-3.8601619000000005,Google
Fontaneros,Tu Fonta Móstoles,"C. de la Libertad, 6, 28936 Móstoles, Madrid",919 93 08 71,,https://sites.google.com/view/tufontaneromstoles/inicio,4.3,6.0,40.329204399999995,-3.8557534999999996,Google
Fontaneros,FONTASER,"Urbanizacion Nuevo Versalles, 32, 28942 Fuenlabrada, Madrid",639 28 97 48,,http://fontaserfontanerofuenlabrada.blogspot.com/,4.9,202.0,40.2970332,-3.8314296000000003,Google
Fontaneros,Desatascos Jonathan López,"C. de Toledo, 20, 28938 Móstoles, Madrid",622 58 86 91,,,5.0,80.0,40.3194951,-3.8617098,Google
Fontaneros,Gómez-Limón Instalaciones,"C. Soria, 2, 28934 Móstoles, Madrid",699 49 15 40,,,5.0,1.0,40.32064,-3.8732899999999995,Google
Fontaneros,Caldera y Confort S.L,"P.º de Arroyomolinos, 36, 28938 Móstoles, Madrid",916 64 06 14,,http://calderayconfort.com/,4.5,61.0,40.3173569,-3.8697413000000003,Google
Fontaneros,Soluciones Fontanería y Albañilería - 24 Horas Urgencias Madrid,"C. Don Quijote, 9, 28922 Alcorcón, Madrid",686 74 34 82,,https://www.soluciones-de-fontaneria.es/,4.9,49.0,40.3409739,-3.8296235999999997,Google
Fontaneros,Servi fontaneros,"C. del Nogal, 5, 28942 Fuenlabrada, Madrid",919 93 09 85,,https://servifontaneros.es/,4.9,56.0,40.2940126,-3.8222078999999995,Google
Fontaneros,"ITS Obras y Rehabilitaciones, SL","Calle Juan de la Cierva, 82, 28936 Móstoles, Madrid",916 14 54 29,info@itsrehabilitaciones.com,http://itsrehabilitaciones.com/,3.3,43.0,40.321920399999996,-3.8456313,Google
Fontaneros,Fugas de Agua.Bos SL,"Cam. de Mostoles, 41, 2º A, 28935 Móstoles, Madrid",687 49 78 13,fugasdeaguabos@gmail.com,http://fugasdeaguabos.com/,4.2,5.0,40.3501196,-3.8932279000000003,Google
Fontaneros,REAL IBERICA,"Av. de la Constitucion, 43, 28931 Móstoles, Madrid",,,,5.0,1.0,40.3261989,-3.8618121,Google
Fontaneros,Josmar Bonache SL,"C. del Laurel, 18, 28935 Móstoles, Madrid",652 40 33 42,,,3.0,3.0,40.3047178,-3.9309307999999996,Google
Fontaneros,Instalaciones Jargón,"C. Nazaret, 9, 28936 Móstoles, Madrid",635 43 72 25,info@instalacionesjargon.es,https://instalacionesjargon.es/,,,40.3291968,-3.8536433000000003,Google
Fontaneros,La Alameda,"C. Niza, 10, 28936 Móstoles, Madrid",694 23 45 25,,,4.0,1.0,40.3244616,-3.8484588000000004,Google
Fontaneros,FONTYCAM,"Ctra. Villaverde a Vallecas, 46, Villaverde, 28021 Madrid",637 65 41 60,info@averiasfontanero.com,http://averiasfontanero.com/,4.9,149.0,40.35786960000001,-3.6844602,Google
Fontaneros,Servicios Generales Naleo S.L.,"C. Cisneros, 25, 28921 Alcorcón, Madrid",655 04 71 76,info@naleo.es,https://naleo.es/,4.6,48.0,40.34630080000001,-3.8303334999999996,Google
Fontaneros,Fontanero Villaviciosa de Odón,"Odonbuild, C. Cueva de la Mora, 7, 28670 Villaviciosa de Odón, Madrid",919 93 09 47,,https://sites.google.com/view/fontanero-villaviciosa-de-odn/inicio,5.0,4.0,40.3562361,-3.907941299999999,Google
Fontaneros,Instala tu caldera,"Av. de Portugal, 73, LOCAL 1, 28934 Móstoles, Madrid",911 69 77 88,venta@instalatucaldera.com,https://www.instalatucaldera.com/,4.8,292.0,40.3208536,-3.8744151999999996,Google
Fontaneros,Serpasat Instalaciones S.L.,"C. Urano, 27, 28936 Móstoles, Madrid",916 65 59 51,serpasat@serpasat.net,https://serpasat.net/,4.6,9.0,40.3119733,-3.8435433,Google
Fontaneros,Gamez y Hnos - Instalación de Calderas en Móstoles,"Av. de la Onu, 74, 28936 Móstoles, Madrid",175820400502141,,https://sites.google.com/view/persianistas-madrid-reparacion/inicio,5.0,5.0,40.3163342,-3.8514281,Google
Fontaneros,Fontaneria Las Palmas,"C. de las Palmas, 64, 28938 Móstoles, Madrid",,,,,,40.3177412,-3.8678104,Google
Fontaneros,Instalaciones Calema S.L.,"Calle Juan de la Cierva, 41, 28936 Móstoles, Madrid",916 45 80 00,calema@calema.eu,http://calema.eu/,2.9,17.0,40.3215161,-3.8467253,Google
Fontaneros,"Fontanería, Reformas y Ferretería KV","C. Huesca, 10, 28934 Móstoles, Madrid",916 14 48 75,,,3.2,18.0,40.319397699999996,-3.8697632000000004,Google
Fontaneros,SAT LEGANES,"C. de Méjico, 30, LOCAL 2, 28918 Leganés, Madrid",916 88 14 44,,https://fpiquero.es/,4.9,21.0,40.341899,-3.769211,Google
Fontaneros,"García Naranjo Servicios Integrales, S.L.","C. Agustina de Aragón, 8, 28938 Móstoles, Madrid",912 39 37 33,info@garcianaranjo.es,https://garcianaranjo.es/,3.1,43.0,40.3195906,-3.8655142999999996,Google
